id,sponsor,program,cycle,funding_type,official_url,geography,for_profit_eligible,ownership_requirements,revenue_history_rules,min_months_in_business,registrations_required,prerequisite_tier,amount_min_cents,amount_max_cents,deadline_date,deadline_time,deadline_tz,rolling,match_required,reimbursement_basis,uses_allowed,uses_disallowed,fees,rate_apr,term_months,guarantee,collateral,repayment_gate,required_documents,contact,source_status,source_checked_at,source_checked_tz,eligibility,application_status,effort_hours,revisit_date,next_action,owner,followup_date,override_score,override_reason,caution,notes,score_total,score_parts,eligibility_rollup,ready_to_submit,blockers
accion_of,Accion Opportunity Fund,Accion Opportunity Fund Small Business Term Loan,,loan,https://aofund.org/,"45 states (excludes DC, MT, ND, SD, TN); Georgia not excluded",unknown,,,,,UNKNOWN,,,,,,yes,,unknown,,,,,,,,,,,ROLLING_CONFIRMED,2026-10-08T05:35:00-04:00,America/New_York,unknown,NOT_STARTED,10,,Find minimum time in business and revenue on the loan product page or by phone,,,,,,"Products named: term loan, SBA 7(a), equipment leasing, truck financing. Amounts, rates and minimums not on homepage.",25,value=0;fit=12;readiness=0;effort=8;cost_risk=5,unknown,no,eligibility unknown: Minimum time in business / revenue | prerequisites unknown | repayment analysis not done
ace,Access to Capital for Entrepreneurs (ACE),ACE Small Business Loan,,loan,https://aceloans.org/apply-for-a-loan/small-business-loans/,Georgia (Gwinnett served per state list),yes,,,24,,HISTORY_MIN,1500000,5000000,,,,yes,,unknown,"Working capital, inventory, equipment, vehicles",,$100 application + 3% origination,7.75% fixed,60,Personal guarantee from 20%+ owners,UCC filing on business assets/equipment/vehicles,,Business tax return; YTD balance sheet and P&L; personal returns; W-2s; driver's license; personal financial statement; operating agreement,,ROLLING_CONFIRMED,2026-10-08T05:20:00-04:00,America/New_York,unknown,NOT_STARTED,20,2027-01-05,Revisit on 2027-01-05. Ask ACE whether a single-member LLC's Schedule C counts as the business return. Prepare YTD P&L and a personal financial statement,,,,,D16: tax follow-up pending before lender/federal review (details in private/tax_2025_summary.md),"No startup loans; 2+ years in operation required (met 2027-01-20 if operations are continuous). The page lists 2024 returns, which may be out of date.",51,value=20;fit=17;readiness=5;effort=8;cost_risk=1,unknown,no,eligibility unknown: Repayment capacity for $15k+ at 7.75% | business history below 24 months until 2027-01-20 | repayment analysis not done
apex,Georgia Tech,GT APEX Accelerator counseling,,contracting,https://gtapexaccelerator.org/,Georgia,unknown,,,,,NONE,,,,,,yes,,unknown,,,none,,,,,,,,VERIFIED_OPEN,2026-10-08T05:25:00-04:00,America/New_York,yes,NOT_STARTED,3,,"Attend Introduction to Government Contracting class, submit New Client Application, then book a counselor (ask about LLC vs sole-prop SAM classification, D4)",,,,,,Seed row re-checked against official source 2026-10-08,87,value=15;fit=25;readiness=25;effort=12;cost_risk=10,yes,n/a-service,
atdc,Georgia Tech,ATDC startup programs (Educate / Accelerate / Signature),,lever,https://atdc.org/,Georgia,unknown,,,,,NONE,,,,,,unknown,,unknown,,,none,,,,,,,,VERIFIED_OPEN,2026-10-08T05:35:00-04:00,America/New_York,unknown,NOT_STARTED,4,,Take the 'Which ATDC Program is Right For Me?' quiz; Educate track likely fits. Ask about STTR research-partner introductions,,,,,,"State-funded, zero equity, tech startups only. Not limited to Georgia Tech affiliates. The quiz asks about full-time commitment and MVP status.",74,value=15;fit=12;readiness=25;effort=12;cost_risk=10,unknown,n/a-service,eligibility unknown: Meets program stage/commitment criteria
comcast_rise,Comcast,Comcast RISE,,grant,https://corporate.comcast.com/company/impact/project-up,,unknown,,,,,UNKNOWN,,,,,,unknown,,unknown,,,,,,,,,,,CHANGED,2026-10-08T05:40:00-04:00,America/New_York,unknown,NOT_STARTED,,,Check the Project UP page for any current small-business grant cycle and Atlanta eligibility,,,,,,comcastrise.com now redirects (301) to Comcast's Project UP page. Program status unknown.,10,value=0;fit=0;readiness=0;effort=0;cost_risk=10,unknown,no,source status CHANGED (needs VERIFIED_OPEN or ROLLING_CONFIRMED) | eligibility unknown: no criteria recorded | prerequisites unknown | deadline unknown (not confirmed rolling)
ga_cert,Georgia Department of Administrative Services,Georgia Business Certification (Small Minority-Owned),,contracting,https://doas.ga.gov/state-purchasing/how-to/how-to-get-certified-as-a-minority-business-enterprise,Georgia-domiciled,unknown,,,,,CERTIFICATION_REQUIRED,,,,,,yes,,unknown,,,none,,,,,,"Approval letter from certifying partner (e.g. GMSDC, SBA); tax returns for 'small' designations",,ROLLING_CONFIRMED,2026-10-08T05:40:00-04:00,America/New_York,unknown,NOT_STARTED,4,,"After a partner certification (e.g. GMSDC MBE): register in GA@WORK Marketplace, get a Supplier ID, submit the Georgia Business Certification Application",,,,,,,52,value=15;fit=12;readiness=3;effort=12;cost_risk=10,unknown,n/a-service,"eligibility unknown: Holds partner certification (GMSDC, SBA, GDOT, etc.) at application | required certification not held"
gmsdc_mbe,Georgia Minority Supplier Development Council (Georgia Council),MBE Certification,,lever,https://georgiacouncil.org/certification/,Georgia HQ,yes,51% minority-owned and controlled; US citizen owners; minority owner holds top executive position (third-party summary),,,,NONE,,,,,,unknown,,unknown,,,Reported $600 initial / $400 annual renewal (third-party source; unverified),,,,,,,,UNVERIFIED_CURRENT,,,unknown,NOT_STARTED,15,,Fetch the certification page or call to confirm requirements and fees. Gather a signed operating agreement (D2) and proof of citizenship,,,,,,gmsdc.org redirects to georgiacouncil.org. The homepage did not list criteria; the certification subpage has not been fetched yet.,64,value=15;fit=8;readiness=25;effort=8;cost_risk=8,unknown,n/a-service,"source status UNVERIFIED_CURRENT (needs VERIFIED_OPEN or ROLLING_CONFIRMED) | source not checked within 30 days | eligibility unknown: 51%+ owned by ethnic minority, US citizen owner"
gwinnett,Gwinnett County,Gwinnett Entrepreneur Center,,advisory,https://www.gwinnettcounty.com/government/departments/planning-development/economic-development/entrepreneur-center,"Lawrenceville, GA",unknown,,,,,NONE,,,,,,yes,,unknown,,,none,,,,,,,,VERIFIED_OPEN,2026-10-08T05:25:00-04:00,America/New_York,yes,NOT_STARTED,2,,Book a center tour; ask about the annual incubator cohort and whether any desk/workspace access exists,,,,,,"Free classes, workshops, coaching and networking; no membership required. Annual incubator cohort. No coworking or funding mentioned, so reclassified from workspace to advisory.",90,value=15;fit=25;readiness=25;effort=15;cost_risk=10,yes,n/a-service,
gwinnett_sbg,Gwinnett County,Gwinnett Small Business Grant (ARPA),2023,grant,https://www.gwinnettcounty.com/government/departments/planning-development/economic-development/small-business-grant,"Gwinnett County, GA",unknown,,,,,UNKNOWN,300000,1500000,,,,unknown,,unknown,,,,,,,,,,,VERIFIED_CLOSED,2026-10-08T05:30:00-04:00,America/New_York,no,NOT_STARTED,,,None. Watch Gwinnett economic development news for any new program,,,,,,"One-time ARPA program (2023). The county news release title says 100% of funds were distributed. The program page body could not be read, so confidence is low.",25,value=15;fit=0;readiness=0;effort=0;cost_risk=10,no,no,source status VERIFIED_CLOSED (needs VERIFIED_OPEN or ROLLING_CONFIRMED) | eligibility no: Program currently accepting applications | prerequisites unknown | deadline unknown (not confirmed rolling)
gwinnett_tech_hope,Gwinnett Technical College / Georgia Student Finance Commission,HOPE Grant + HOPE Career Grant (CIST certificate/diploma),,lever,https://gwinnetttech.edu/admissions-financial-aid/hope-career-grant/,Georgia residents,unknown,,,,,NONE,,,,,,unknown,,unknown,,,,,,,,,,,VERIFIED_OPEN,2026-10-08T05:40:00-04:00,America/New_York,unknown,NOT_STARTED,6,,"Owner decision on enrollment. If yes, target a CIST certificate/diploma (e.g. cybersecurity, programming), not the associate degree, to use HOPE Grant + HOPE Career Grant",,,,,,"Personal education aid, not business funding. Associate degrees do not qualify, except HOPE Grant for up to 30 degree hours after a diploma or two certificates. Search summary: Career Grant $500/semester for 9+ credits (unverified).",62,value=15;fit=0;readiness=25;effort=12;cost_risk=10,unknown,n/a-service,"eligibility unknown: Enrolled in qualifying certificate/diploma program, Georgia legal resident, US citizen or eligible non-citizen"
kiva,Kiva,Kiva US 0% Loan,,loan,https://www.kiva.org/borrow,US (not NV or ND),yes,,,,,NONE,100000,1500000,,,,yes,,unknown,Business purposes,Refinancing debt; purchasing stock or equity,none,0%,36,none,none,,,,ROLLING_CONFIRMED,2026-10-08T05:20:00-04:00,America/New_York,unknown,NOT_STARTED,10,,"Owner confirms screening items, then run a repayment check; plan who to invite for the 10-15 day private lending period",,,,,,Typical term 12-36 months. Character-based; no minimum credit score. PayPal account required.,65,value=15;fit=12;readiness=25;effort=8;cost_risk=5,unknown,no,"eligibility unknown: No disqualifying convictions in past 5 years, No foreclosure, bankruptcy or liens, PayPal account | repayment analysis not done"
nase,National Association for the Self-Employed,NASE Growth Grant,2026 Q4,grant,https://www.nase.org/become-a-member/member-benefits/business-resources/growth-grants,US,unknown,,,,,NONE,,400000,2026-12-31,,,no,,unknown,"Marketing, equipment/software, office repairs, websites, furniture, training, trade shows, part-time hires","Existing debt, rent/mortgage payments",NASE membership required (cost not stated on page),,,,,,Grant-use statement; business plan; recent tax return or P&L; photo,,VERIFIED_OPEN,2026-10-08T05:20:00-04:00,America/New_York,no,NOT_STARTED,8,,Parked: owner declined NASE membership (2026-10-08). Revisit only if that changes,,,,,,"Quarterly: Oct-Dec submissions reviewed in January. 2026-12-31 is the quarter end, inferred from the review schedule, not a published cutoff time.",63,value=10;fit=8;readiness=25;effort=12;cost_risk=8,no,no,"eligibility no: NASE member in good standing (annual: immediate; monthly: 90-day wait), Use fits allowed list (e.g. equipment/software/website)"
nsf,National Science Foundation,NSF SBIR/STTR (America's Seed Fund) Project Pitch,,rd,https://seedfund.nsf.gov/project-pitch/,US,yes,,,,"SAM (UEI), SBIR.gov company registry, Research.gov (verify exact list on Apply page)",SAM_ACTIVE,,200000000,,,,unknown,,unknown,,,,,,,,,,,VERIFIED_OPEN,2026-10-08T05:30:00-04:00,America/New_York,unknown,NOT_STARTED,12,,Draft a Project Pitch for the retrieval-reliability concept (Phase 3 R&D sheet); verify whether a pitch requires SAM to be Active,,,,,,"Up to $2M total seed funding across phases. Pitch portal open. SBIR/STTR reauthorized through 2031-09-30 (signed 2026-04-13) per third-party reports, not confirmed on an agency page.",59,value=25;fit=6;readiness=10;effort=8;cost_risk=10,unknown,no,"eligibility unknown: High-risk technical innovation (not incremental), PI primarily employed by the company, US citizen / permanent resident ownership >50% | SAM registration not Active | deadline unknown (not confirmed rolling)"
sba504,U.S. Small Business Administration,SBA 504 Loan (via CDC),,property,https://www.sba.gov/funding-programs/loans/504-loans,US,yes,,,,,COLLATERAL_REPAYMENT,,550000000,,,,yes,,unknown,Buildings/land; machinery and equipment with 10+ year life,"Working capital, inventory, rental real estate",,,,,,,,,ROLLING_CONFIRMED,2026-10-08T05:25:00-04:00,America/New_York,unknown,NOT_STARTED,60,,"Building-ownership stage only, once repayment is lender-supported",,,,,,Seed row re-checked against official source 2026-10-08,48,value=25;fit=12;readiness=5;effort=1;cost_risk=5,unknown,no,eligibility unknown: Feasible plan and ability to repay | repayment analysis not done
sba7a,U.S. Small Business Administration,SBA 7(a) Loan,,loan,https://www.sba.gov/funding-programs/loans/7a-loans,US,yes,,,,,COLLATERAL_REPAYMENT,,500000000,,,,yes,,unknown,"Real estate, working capital, refinancing, equipment (incl. AI-related), furniture, supplies",,,,,,,,,,ROLLING_CONFIRMED,2026-10-08T05:25:00-04:00,America/New_York,unknown,NOT_STARTED,40,,Later stage: revisit after 12+ months of positive cash flow,,,,,D16: tax follow-up pending before lender/federal review (details in private/tax_2025_summary.md),Seed row re-checked against official source 2026-10-08,47,value=25;fit=8;readiness=5;effort=4;cost_risk=5,unknown,no,"eligibility unknown: Cannot obtain credit elsewhere on reasonable terms, Creditworthy with reasonable ability to repay | repayment analysis not done"
sba_8a,U.S. Small Business Administration,8(a) Business Development Program,,contracting,https://www.sba.gov/federal-contracting/contracting-assistance-programs/8a-business-development-program,US,unknown,51%+ owned and controlled by socially and economically disadvantaged US citizens; PNW <= $850k; 3-yr average AGI <= $400k; total assets <= $6.5M,,24,,HISTORY_MIN,,,,,,yes,,unknown,,,none,,,,,,,,ROLLING_CONFIRMED,2026-10-08T05:40:00-04:00,America/New_York,unknown,NOT_STARTED,40,2027-01-05,"Revisit on 2027-01-05 with APEX. Self-certified SDB is NOT 8(a); this is a separate application (once-in-a-lifetime, 9-year program)",,,,,,,34,value=15;fit=0;readiness=5;effort=4;cost_risk=10,unknown,n/a-service,"eligibility unknown: 51%+ owned/controlled by socially and economically disadvantaged US citizen(s), Economic thresholds (PNW, 3-yr AGI, assets), Potential for success / good character | business history below 24 months until 2027-01-20"
sbamicro,U.S. Small Business Administration,SBA Microloan (via intermediary),,loan,https://www.sba.gov/funding-programs/loans/microloans,"US; Georgia intermediaries per state list (dated 2016): ACE, Accion, LiftFund, SBAC, Atlanta Micro Fund",yes,,,,,COLLATERAL_REPAYMENT,,5000000,,,,yes,,unknown,"Working capital, inventory, supplies, furniture, fixtures, machinery, equipment",Existing debt; real estate,,Generally 8%-13%,84,,,,,,ROLLING_CONFIRMED,2026-10-08T05:25:00-04:00,America/New_York,unknown,NOT_STARTED,20,,Ask SBDC which Gwinnett-serving intermediary lends to businesses under 2 years old,,,,,D16: tax follow-up pending before lender/federal review (details in private/tax_2025_summary.md),"Average loan about $13,000. Intermediary-specific rules apply (ACE requires 2+ years).",46,value=20;fit=8;readiness=5;effort=8;cost_risk=5,unknown,no,"eligibility unknown: A Gwinnett-serving intermediary accepts businesses under 2 years old, Repayment capacity | repayment analysis not done"
sbdc,UGA Small Business Development Center,Georgia SBDC Gwinnett consulting,,advisory,https://georgiasbdc.org/locations/gwinnett/,"Gwinnett office, Lawrenceville",unknown,,,,,NONE,,,,,,yes,,unknown,,,none,,,,,,,,VERIFIED_OPEN,2026-10-08T05:25:00-04:00,America/New_York,yes,NOT_STARTED,2,,"Request a consulting appointment (by appointment only; online form). Bring: SSBCI/lender fit, tax 1040-X question (D16), SAM receipts update (D3), name consistency (D1)",,,,,,Consulting cost not listed on page. The 'Unlocking Capital' workshop is free; other classes are paid ($39-$199). Advises on SSBCI and funding sources.,90,value=15;fit=25;readiness=25;effort=15;cost_risk=10,yes,n/a-service,
ssbci,Georgia Department of Community Affairs,"Georgia SSBCI (loan participation, credit guaranty, CDFI)",,loan_support,https://dca.georgia.gov/financing-tools/small-business/state-small-business-credit-initiative-ssbci,Georgia,unknown,,,,,COLLATERAL_REPAYMENT,,,,,,yes,,unknown,,,,,,,,,,,ROLLING_CONFIRMED,2026-10-08T05:25:00-04:00,America/New_York,unknown,NOT_STARTED,4,,"Ask SBDC (which advises on SSBCI) which participating lender or GA CDFI fits a sub-2-year, under-10-employee business",,,,,,"Not a grant. Participation (up to 25% of a lender's loan), 50% guaranty, and CDFI gap financing. Targets very small businesses (<10 employees) with SEDI outreach.",39,value=0;fit=17;readiness=5;effort=12;cost_risk=5,unknown,no,eligibility unknown: Participating lender approves the underlying loan | repayment analysis not done
verizon,Verizon / LISC,Verizon Small Business Digital Ready Grant,2026,grant,https://digitalready.verizonwireless.com/funding/details,"US, PR, USVI",yes,,,,,NONE,1000000,1000000,,,,unknown,,unknown,Not stated on funding page,,none,,,,,,Digital Ready account; two completed courses/events; W-9 and ACH verification if selected as finalist,,VERIFIED_OPEN,2026-10-08T05:20:00-04:00,America/New_York,unknown,SUBMITTED_BY_OWNER,6,,"Watch inbox and spam for notifications@lisc.org (10 finalists picked monthly through Dec 2026); if selected, send W-9 and ACH only through the official LISC channel. Final decision by 2027-01-12.",,2026-11-01,,,,Reviewed monthly Jun-Dec 2026 (10 grants/month); one application per year; final decisions by 2027-01-12. No explicit application close date published; course prerequisite closes 2026-12-07. Finalists must provide W-9 and ACH details.,72,value=15;fit=10;readiness=25;effort=12;cost_risk=10,unknown,no,"eligibility unknown: Digital Ready platform account, Not a prior Digital Ready grant recipient, Two Digital Ready courses/events completed 2026-01-01 to 2026-12-07 | deadline unknown (not confirmed rolling)"
