month,payment,interest,principal,balance
1,$277.78,$0.00,$277.78,"$9,722.22"
2,$277.78,$0.00,$277.78,"$9,444.44"
3,$277.78,$0.00,$277.78,"$9,166.66"
4,$277.78,$0.00,$277.78,"$8,888.88"
5,$277.78,$0.00,$277.78,"$8,611.10"
6,$277.78,$0.00,$277.78,"$8,333.32"
7,$277.78,$0.00,$277.78,"$8,055.54"
8,$277.78,$0.00,$277.78,"$7,777.76"
9,$277.78,$0.00,$277.78,"$7,499.98"
10,$277.78,$0.00,$277.78,"$7,222.20"
11,$277.78,$0.00,$277.78,"$6,944.42"
12,$277.78,$0.00,$277.78,"$6,666.64"
13,$277.78,$0.00,$277.78,"$6,388.86"
14,$277.78,$0.00,$277.78,"$6,111.08"
15,$277.78,$0.00,$277.78,"$5,833.30"
16,$277.78,$0.00,$277.78,"$5,555.52"
17,$277.78,$0.00,$277.78,"$5,277.74"
18,$277.78,$0.00,$277.78,"$4,999.96"
19,$277.78,$0.00,$277.78,"$4,722.18"
20,$277.78,$0.00,$277.78,"$4,444.40"
21,$277.78,$0.00,$277.78,"$4,166.62"
22,$277.78,$0.00,$277.78,"$3,888.84"
23,$277.78,$0.00,$277.78,"$3,611.06"
24,$277.78,$0.00,$277.78,"$3,333.28"
25,$277.78,$0.00,$277.78,"$3,055.50"
26,$277.78,$0.00,$277.78,"$2,777.72"
27,$277.78,$0.00,$277.78,"$2,499.94"
28,$277.78,$0.00,$277.78,"$2,222.16"
29,$277.78,$0.00,$277.78,"$1,944.38"
30,$277.78,$0.00,$277.78,"$1,666.60"
31,$277.78,$0.00,$277.78,"$1,388.82"
32,$277.78,$0.00,$277.78,"$1,111.04"
33,$277.78,$0.00,$277.78,$833.26
34,$277.78,$0.00,$277.78,$555.48
35,$277.78,$0.00,$277.78,$277.70
36,$277.70,$0.00,$277.70,$0.00
